﻿,商品,标签
0,100g*5瓶益力多,正常
9,145ml旺仔牛奶罐装,滞销
10,145ml旺仔牛奶盒装,畅销
12,150g健能酸奶原味,滞销
23,250ML东鹏特饮,滞销
24,250ml红牛,正常
25,250ml维他奶巧克力味,正常
26,250ml维他柠檬茶,畅销
27,250ml维他原味豆奶,畅销
28,250ml燕塘红枣牛奶,畅销
29,250ml燕塘甜牛奶,畅销
30,250ml燕塘原味酸奶,畅销
31,268ml雀巢咖啡丝滑拿铁,畅销
35,330ml伊利畅意乳酸菌原味,正常
36,340ml蒙牛优益C乳酸菌,滞销
44,450ml美汁源果粒橙,正常
45,480ml小茗同学冷泡溜溜哒茶,滞销
46,480ml小茗同学冷泡青柠红茶,滞销
47,500ML宝矿力,滞销
48,500ml加多宝,正常
49,500ml农夫果园 (芒果+菠萝+番石榴),滞销
50,500ml统一阿萨姆奶茶,正常
56,600ml可口可乐,正常
57,600ml脉动青柠,正常
58,600ml雪碧,正常
88,红牛,畅销
89,加多宝,滞销
90,健能酸奶,滞销
96,可乐可乐,滞销
100,脉动（青柠）,滞销
101,脉动（椰子菠萝口味）,滞销
102,美汁源果粒橙,滞销
104,农夫果园,滞销
107,雀巢咖啡,滞销
114,统一阿萨姆奶茶,滞销
116,旺仔牛奶,滞销
117,旺仔牛奶145ml,滞销
118,维他奶（巧克力味）,滞销
119,维他奶黑豆奶饮品,滞销
120,维他柠檬茶,正常
121,维他原味豆奶,滞销
128,小茗同学（青柠红茶）,滞销
129,小茗同学冷泡茶（乳酸菌味）,滞销
135,雪碧,滞销
136,燕塘红枣牛奶,滞销
137,燕塘甜牛奶,滞销
138,燕塘原味酸奶,滞销
139,益力多100g*5瓶,滞销
140,优益C活菌型乳酸菌饮品,滞销
151,250ml统一麦香奶茶,滞销
153,330ml伊利畅意乳酸菌草莓味,滞销
159,500ml康师傅冰糖雪梨,滞销
174,200ml汇源橙汁100%,滞销
190,250ml维他椰子植物蛋白饮料,滞销
193,250ml维他奶低糖原味,滞销
197,205g伊利安慕希原味,正常
202,250ml王老吉盒装,滞销
203,180ml雀巢咖啡罐装,滞销
204,80g香飘飘椰果奶茶原味,滞销
205,205ml安慕希蓝莓味,滞销
209,250ml维他椰子植物蛋白饮料9374,滞销
210,80g香飘飘椰果奶茶麦香味,滞销
211,500ml营养快线原味,滞销
212,500ml恒大冰泉矿泉水,滞销
216,250ml维他椰子味豆奶7716,滞销
219,250ml维他奶黑豆奶饮品,滞销
224,13g雀巢咖啡1+2特浓,滞销
225,500ml统一冰糖雪梨,滞销
227,银鹭八宝粥,畅销
228,营养快线,畅销
229,统一冰红茶,畅销
230,阿萨姆奶茶,畅销
231,茉莉蜜茶,正常
232,可口可乐（500ml）,畅销
234,东鹏特饮,畅销
236,伊利优酸乳,畅销
238,怡宝矿泉水,滞销
239,统一绿茶,畅销
240,维他奶,正常
245,王老吉（500ml）,畅销
246,阿萨姆煎茶奶绿,滞销
247,康师傅矿泉水,滞销
248,椰树牌椰汁,滞销
251,商品14,滞销
252,伊利纯牛奶,畅销
254,脉动,畅销
255,怡宝纯净水,畅销
256,雪碧330ml,正常
257,雪碧（500ml）,畅销
258,王老吉（罐）,正常
259,芬达330ml,正常
260,可口可乐最新款,正常
261,雪碧最新款,正常
262,可口可乐330ml,正常
263,果粒橙,畅销
265,美年达（罐）,滞销
266,冰糖雪梨,正常
267,百事可乐330ml,滞销
269,小茗同学,滞销
274,商品1,滞销
275,商品2,滞销
277,珠江纯生啤酒,滞销
278,尖叫,滞销
279,怡宝,正常
289,百事可乐500ml,滞销
290,乐虎（380ml）,滞销
293,拿铁咖啡（统一）,滞销
295,冰红茶（罐）,滞销
299,天地一号,滞销
300,维他柠檬茶330ml（罐）,滞销
301,雪力矿泉水,滞销
302,可口可乐330ml（罐）,滞销
303,乐虎,滞销
305,娃哈哈红枣酸奶,滞销
307,安慕希酸奶,滞销
309,经典奶茶,滞销
310,芦荟汁,滞销
312,250ml香满楼纯牛奶,滞销
314,可乐（500ml）,滞销
